model,ckpt_path,member_id,corruption,param,severity,accuracy
centralized_member2,lstm\centralized\base_lstm_member2_centralized.pt,1,clean,none,0.0,0.6877609603340292
centralized_member2,lstm\centralized\base_lstm_member2_centralized.pt,1,gaussian,sigma,0.0,0.6877609603340292
centralized_member2,lstm\centralized\base_lstm_member2_centralized.pt,1,gaussian,sigma,0.05,0.6920668058455115
centralized_member2,lstm\centralized\base_lstm_member2_centralized.pt,1,gaussian,sigma,0.1,0.6962421711899791
centralized_member2,lstm\centralized\base_lstm_member2_centralized.pt,1,gaussian,sigma,0.2,0.7042014613778705
centralized_member2,lstm\centralized\base_lstm_member2_centralized.pt,1,ch_dropout,p,0.0,0.6877609603340292
centralized_member2,lstm\centralized\base_lstm_member2_centralized.pt,1,ch_dropout,p,0.1,0.6510960334029228
centralized_member2,lstm\centralized\base_lstm_member2_centralized.pt,1,ch_dropout,p,0.3,0.5568893528183716
centralized_member2,lstm\centralized\base_lstm_member2_centralized.pt,1,ch_dropout,p,0.5,0.45576722338204595
centralized_member2,lstm\centralized\base_lstm_member2_centralized.pt,1,time_mask,L,0.0,0.6877609603340292
centralized_member2,lstm\centralized\base_lstm_member2_centralized.pt,1,time_mask,L,5.0,0.6846294363256785
centralized_member2,lstm\centralized\base_lstm_member2_centralized.pt,1,time_mask,L,10.0,0.6764091858037579
centralized_member2,lstm\centralized\base_lstm_member2_centralized.pt,1,time_mask,L,20.0,0.6120824634655533
centralized_member2,lstm\centralized\base_lstm_member2_centralized.pt,1,time_mask,L,40.0,0.37917536534446766
centralized_member2,lstm\centralized\base_lstm_member2_centralized.pt,1,time_shift,k,0.0,0.6877609603340292
centralized_member2,lstm\centralized\base_lstm_member2_centralized.pt,1,time_shift,k,2.0,0.7013308977035491
centralized_member2,lstm\centralized\base_lstm_member2_centralized.pt,1,time_shift,k,5.0,0.7026356993736952
centralized_member2,lstm\centralized\base_lstm_member2_centralized.pt,1,time_shift,k,10.0,0.6769311064718163
centralized_member2,lstm\centralized\base_lstm_member2_centralized.pt,1,time_shift,k,20.0,0.5208768267223383
centralized_member2,lstm\centralized\base_lstm_member2_centralized.pt,2,clean,none,0.0,0.7995473650177821
centralized_member2,lstm\centralized\base_lstm_member2_centralized.pt,2,gaussian,sigma,0.0,0.7995473650177821
centralized_member2,lstm\centralized\base_lstm_member2_centralized.pt,2,gaussian,sigma,0.05,0.8004364694471388
centralized_member2,lstm\centralized\base_lstm_member2_centralized.pt,2,gaussian,sigma,0.1,0.7996281926931782
centralized_member2,lstm\centralized\base_lstm_member2_centralized.pt,2,gaussian,sigma,0.2,0.7933236340122858
centralized_member2,lstm\centralized\base_lstm_member2_centralized.pt,2,ch_dropout,p,0.0,0.7995473650177821
centralized_member2,lstm\centralized\base_lstm_member2_centralized.pt,2,ch_dropout,p,0.1,0.752909796314258
centralized_member2,lstm\centralized\base_lstm_member2_centralized.pt,2,ch_dropout,p,0.3,0.6432266408018106
centralized_member2,lstm\centralized\base_lstm_member2_centralized.pt,2,ch_dropout,p,0.5,0.5186711930164889
centralized_member2,lstm\centralized\base_lstm_member2_centralized.pt,2,time_mask,L,0.0,0.7995473650177821
centralized_member2,lstm\centralized\base_lstm_member2_centralized.pt,2,time_mask,L,5.0,0.7802295505981248
centralized_member2,lstm\centralized\base_lstm_member2_centralized.pt,2,time_mask,L,10.0,0.7522631749110895
centralized_member2,lstm\centralized\base_lstm_member2_centralized.pt,2,time_mask,L,20.0,0.6650501131587455
centralized_member2,lstm\centralized\base_lstm_member2_centralized.pt,2,time_mask,L,40.0,0.45999030067895247
centralized_member2,lstm\centralized\base_lstm_member2_centralized.pt,2,time_shift,k,0.0,0.7995473650177821
centralized_member2,lstm\centralized\base_lstm_member2_centralized.pt,2,time_shift,k,2.0,0.7932428063368897
centralized_member2,lstm\centralized\base_lstm_member2_centralized.pt,2,time_shift,k,5.0,0.7780472033624313
centralized_member2,lstm\centralized\base_lstm_member2_centralized.pt,2,time_shift,k,10.0,0.7521015195602975
centralized_member2,lstm\centralized\base_lstm_member2_centralized.pt,2,time_shift,k,20.0,0.5851115421920465
centralized_member2,lstm\centralized\base_lstm_member2_centralized.pt,3,clean,none,0.0,0.6685427752762997
centralized_member2,lstm\centralized\base_lstm_member2_centralized.pt,3,gaussian,sigma,0.0,0.6685427752762997
centralized_member2,lstm\centralized\base_lstm_member2_centralized.pt,3,gaussian,sigma,0.05,0.6681334424887434
centralized_member2,lstm\centralized\base_lstm_member2_centralized.pt,3,gaussian,sigma,0.1,0.6687474416700778
centralized_member2,lstm\centralized\base_lstm_member2_centralized.pt,3,gaussian,sigma,0.2,0.6692591076545231
centralized_member2,lstm\centralized\base_lstm_member2_centralized.pt,3,ch_dropout,p,0.0,0.6685427752762997
centralized_member2,lstm\centralized\base_lstm_member2_centralized.pt,3,ch_dropout,p,0.1,0.6412198117069178
centralized_member2,lstm\centralized\base_lstm_member2_centralized.pt,3,ch_dropout,p,0.3,0.554952926729431
centralized_member2,lstm\centralized\base_lstm_member2_centralized.pt,3,ch_dropout,p,0.5,0.45661072451903395
centralized_member2,lstm\centralized\base_lstm_member2_centralized.pt,3,time_mask,L,0.0,0.6685427752762997
centralized_member2,lstm\centralized\base_lstm_member2_centralized.pt,3,time_mask,L,5.0,0.6642447810069586
centralized_member2,lstm\centralized\base_lstm_member2_centralized.pt,3,time_mask,L,10.0,0.6467458043389276
centralized_member2,lstm\centralized\base_lstm_member2_centralized.pt,3,time_mask,L,20.0,0.5793082275890299
centralized_member2,lstm\centralized\base_lstm_member2_centralized.pt,3,time_mask,L,40.0,0.39418747441670077
centralized_member2,lstm\centralized\base_lstm_member2_centralized.pt,3,time_shift,k,0.0,0.6685427752762997
centralized_member2,lstm\centralized\base_lstm_member2_centralized.pt,3,time_shift,k,2.0,0.6600491199345068
centralized_member2,lstm\centralized\base_lstm_member2_centralized.pt,3,time_shift,k,5.0,0.6543184609087188
centralized_member2,lstm\centralized\base_lstm_member2_centralized.pt,3,time_shift,k,10.0,0.6429594760540319
centralized_member2,lstm\centralized\base_lstm_member2_centralized.pt,3,time_shift,k,20.0,0.5064469914040115
federated_member2,lstm\federated\base_lstm_member2_federated.pt,1,clean,none,0.0,0.6804540709812108
federated_member2,lstm\federated\base_lstm_member2_federated.pt,1,gaussian,sigma,0.0,0.6804540709812108
federated_member2,lstm\federated\base_lstm_member2_federated.pt,1,gaussian,sigma,0.05,0.6811064718162839
federated_member2,lstm\federated\base_lstm_member2_federated.pt,1,gaussian,sigma,0.1,0.6811064718162839
federated_member2,lstm\federated\base_lstm_member2_federated.pt,1,gaussian,sigma,0.2,0.675365344467641
federated_member2,lstm\federated\base_lstm_member2_federated.pt,1,ch_dropout,p,0.0,0.6804540709812108
federated_member2,lstm\federated\base_lstm_member2_federated.pt,1,ch_dropout,p,0.1,0.6432672233820459
federated_member2,lstm\federated\base_lstm_member2_federated.pt,1,ch_dropout,p,0.3,0.5352296450939458
federated_member2,lstm\federated\base_lstm_member2_federated.pt,1,ch_dropout,p,0.5,0.42745302713987476
federated_member2,lstm\federated\base_lstm_member2_federated.pt,1,time_mask,L,0.0,0.6804540709812108
federated_member2,lstm\federated\base_lstm_member2_federated.pt,1,time_mask,L,5.0,0.6796711899791231
federated_member2,lstm\federated\base_lstm_member2_federated.pt,1,time_mask,L,10.0,0.670929018789144
federated_member2,lstm\federated\base_lstm_member2_federated.pt,1,time_mask,L,20.0,0.6257828810020877
federated_member2,lstm\federated\base_lstm_member2_federated.pt,1,time_mask,L,40.0,0.4410229645093946
federated_member2,lstm\federated\base_lstm_member2_federated.pt,1,time_shift,k,0.0,0.6804540709812108
federated_member2,lstm\federated\base_lstm_member2_federated.pt,1,time_shift,k,2.0,0.6768006263048016
federated_member2,lstm\federated\base_lstm_member2_federated.pt,1,time_shift,k,5.0,0.6694937369519833
federated_member2,lstm\federated\base_lstm_member2_federated.pt,1,time_shift,k,10.0,0.6328288100208769
federated_member2,lstm\federated\base_lstm_member2_federated.pt,1,time_shift,k,20.0,0.4099686847599165
federated_member2,lstm\federated\base_lstm_member2_federated.pt,2,clean,none,0.0,0.720982864532816
federated_member2,lstm\federated\base_lstm_member2_federated.pt,2,gaussian,sigma,0.0,0.720982864532816
federated_member2,lstm\federated\base_lstm_member2_federated.pt,2,gaussian,sigma,0.05,0.7219527966375687
federated_member2,lstm\federated\base_lstm_member2_federated.pt,2,gaussian,sigma,0.1,0.7233268671193016
federated_member2,lstm\federated\base_lstm_member2_federated.pt,2,gaussian,sigma,0.2,0.7237310054962819
federated_member2,lstm\federated\base_lstm_member2_federated.pt,2,ch_dropout,p,0.0,0.720982864532816
federated_member2,lstm\federated\base_lstm_member2_federated.pt,2,ch_dropout,p,0.1,0.6795990947300355
federated_member2,lstm\federated\base_lstm_member2_federated.pt,2,ch_dropout,p,0.3,0.5881021661817006
federated_member2,lstm\federated\base_lstm_member2_federated.pt,2,ch_dropout,p,0.5,0.49062398965405757
federated_member2,lstm\federated\base_lstm_member2_federated.pt,2,time_mask,L,0.0,0.720982864532816
federated_member2,lstm\federated\base_lstm_member2_federated.pt,2,time_mask,L,5.0,0.7175881021661817
federated_member2,lstm\federated\base_lstm_member2_federated.pt,2,time_mask,L,10.0,0.7058680892337537
federated_member2,lstm\federated\base_lstm_member2_federated.pt,2,time_mask,L,20.0,0.6649692854833495
federated_member2,lstm\federated\base_lstm_member2_federated.pt,2,time_mask,L,40.0,0.5286938247655998
federated_member2,lstm\federated\base_lstm_member2_federated.pt,2,time_shift,k,0.0,0.720982864532816
federated_member2,lstm\federated\base_lstm_member2_federated.pt,2,time_shift,k,2.0,0.7269641125121241
federated_member2,lstm\federated\base_lstm_member2_federated.pt,2,time_shift,k,5.0,0.7124959586162302
federated_member2,lstm\federated\base_lstm_member2_federated.pt,2,time_shift,k,10.0,0.6997251859036534
federated_member2,lstm\federated\base_lstm_member2_federated.pt,2,time_shift,k,20.0,0.5137407048173295
federated_member2,lstm\federated\base_lstm_member2_federated.pt,3,clean,none,0.0,0.6785714285714286
federated_member2,lstm\federated\base_lstm_member2_federated.pt,3,gaussian,sigma,0.0,0.6785714285714286
federated_member2,lstm\federated\base_lstm_member2_federated.pt,3,gaussian,sigma,0.05,0.6780597625869832
federated_member2,lstm\federated\base_lstm_member2_federated.pt,3,gaussian,sigma,0.1,0.679287760949652
federated_member2,lstm\federated\base_lstm_member2_federated.pt,3,gaussian,sigma,0.2,0.6751944330740892
federated_member2,lstm\federated\base_lstm_member2_federated.pt,3,ch_dropout,p,0.0,0.6785714285714286
federated_member2,lstm\federated\base_lstm_member2_federated.pt,3,ch_dropout,p,0.1,0.627200163733115
federated_member2,lstm\federated\base_lstm_member2_federated.pt,3,ch_dropout,p,0.3,0.5250716332378224
federated_member2,lstm\federated\base_lstm_member2_federated.pt,3,ch_dropout,p,0.5,0.42437576749897665
federated_member2,lstm\federated\base_lstm_member2_federated.pt,3,time_mask,L,0.0,0.6785714285714286
federated_member2,lstm\federated\base_lstm_member2_federated.pt,3,time_mask,L,5.0,0.6728407695456406
federated_member2,lstm\federated\base_lstm_member2_federated.pt,3,time_mask,L,10.0,0.6694637740483013
federated_member2,lstm\federated\base_lstm_member2_federated.pt,3,time_mask,L,20.0,0.6290421612771183
federated_member2,lstm\federated\base_lstm_member2_federated.pt,3,time_mask,L,40.0,0.48321735571019236
federated_member2,lstm\federated\base_lstm_member2_federated.pt,3,time_shift,k,0.0,0.6785714285714286
federated_member2,lstm\federated\base_lstm_member2_federated.pt,3,time_shift,k,2.0,0.6753990994678674
federated_member2,lstm\federated\base_lstm_member2_federated.pt,3,time_shift,k,5.0,0.6681334424887434
federated_member2,lstm\federated\base_lstm_member2_federated.pt,3,time_shift,k,10.0,0.648894801473598
federated_member2,lstm\federated\base_lstm_member2_federated.pt,3,time_shift,k,20.0,0.46336471551371267
centralized_ft_m3,lstm\federated\centralized_finetuned_member3.pt,1,clean,none,0.0,0.7651356993736952
centralized_ft_m3,lstm\federated\centralized_finetuned_member3.pt,1,gaussian,sigma,0.0,0.7651356993736952
centralized_ft_m3,lstm\federated\centralized_finetuned_member3.pt,1,gaussian,sigma,0.05,0.766570981210856
centralized_ft_m3,lstm\federated\centralized_finetuned_member3.pt,1,gaussian,sigma,0.1,0.7670929018789144
centralized_ft_m3,lstm\federated\centralized_finetuned_member3.pt,1,gaussian,sigma,0.2,0.7214248434237995
centralized_ft_m3,lstm\federated\centralized_finetuned_member3.pt,1,ch_dropout,p,0.0,0.7651356993736952
centralized_ft_m3,lstm\federated\centralized_finetuned_member3.pt,1,ch_dropout,p,0.1,0.7192066805845512
centralized_ft_m3,lstm\federated\centralized_finetuned_member3.pt,1,ch_dropout,p,0.3,0.5955114822546973
centralized_ft_m3,lstm\federated\centralized_finetuned_member3.pt,1,ch_dropout,p,0.5,0.4549843423799583
centralized_ft_m3,lstm\federated\centralized_finetuned_member3.pt,1,time_mask,L,0.0,0.7651356993736952
centralized_ft_m3,lstm\federated\centralized_finetuned_member3.pt,1,time_mask,L,5.0,0.757437369519833
centralized_ft_m3,lstm\federated\centralized_finetuned_member3.pt,1,time_mask,L,10.0,0.7379958246346555
centralized_ft_m3,lstm\federated\centralized_finetuned_member3.pt,1,time_mask,L,20.0,0.6518789144050104
centralized_ft_m3,lstm\federated\centralized_finetuned_member3.pt,1,time_mask,L,40.0,0.5656315240083507
centralized_ft_m3,lstm\federated\centralized_finetuned_member3.pt,1,time_shift,k,0.0,0.7651356993736952
centralized_ft_m3,lstm\federated\centralized_finetuned_member3.pt,1,time_shift,k,2.0,0.7719206680584552
centralized_ft_m3,lstm\federated\centralized_finetuned_member3.pt,1,time_shift,k,5.0,0.7554801670146137
centralized_ft_m3,lstm\federated\centralized_finetuned_member3.pt,1,time_shift,k,10.0,0.7332985386221295
centralized_ft_m3,lstm\federated\centralized_finetuned_member3.pt,1,time_shift,k,20.0,0.6420929018789144
centralized_ft_m3,lstm\federated\centralized_finetuned_member3.pt,2,clean,none,0.0,0.7148399612027158
centralized_ft_m3,lstm\federated\centralized_finetuned_member3.pt,2,gaussian,sigma,0.0,0.7148399612027158
centralized_ft_m3,lstm\federated\centralized_finetuned_member3.pt,2,gaussian,sigma,0.05,0.7129809246686065
centralized_ft_m3,lstm\federated\centralized_finetuned_member3.pt,2,gaussian,sigma,0.1,0.7073229873908826
centralized_ft_m3,lstm\federated\centralized_finetuned_member3.pt,2,gaussian,sigma,0.2,0.5455059812479793
centralized_ft_m3,lstm\federated\centralized_finetuned_member3.pt,2,ch_dropout,p,0.0,0.7148399612027158
centralized_ft_m3,lstm\federated\centralized_finetuned_member3.pt,2,ch_dropout,p,0.1,0.6880860006466214
centralized_ft_m3,lstm\federated\centralized_finetuned_member3.pt,2,ch_dropout,p,0.3,0.6198674426123505
centralized_ft_m3,lstm\federated\centralized_finetuned_member3.pt,2,ch_dropout,p,0.5,0.5027481409634659
centralized_ft_m3,lstm\federated\centralized_finetuned_member3.pt,2,time_mask,L,0.0,0.7148399612027158
centralized_ft_m3,lstm\federated\centralized_finetuned_member3.pt,2,time_mask,L,5.0,0.7159715486582606
centralized_ft_m3,lstm\federated\centralized_finetuned_member3.pt,2,time_mask,L,10.0,0.6997251859036534
centralized_ft_m3,lstm\federated\centralized_finetuned_member3.pt,2,time_mask,L,20.0,0.6454898157129001
centralized_ft_m3,lstm\federated\centralized_finetuned_member3.pt,2,time_mask,L,40.0,0.5571451665050113
centralized_ft_m3,lstm\federated\centralized_finetuned_member3.pt,2,time_shift,k,0.0,0.7148399612027158
centralized_ft_m3,lstm\federated\centralized_finetuned_member3.pt,2,time_shift,k,2.0,0.712172647914646
centralized_ft_m3,lstm\federated\centralized_finetuned_member3.pt,2,time_shift,k,5.0,0.7143549951503395
centralized_ft_m3,lstm\federated\centralized_finetuned_member3.pt,2,time_shift,k,10.0,0.7075654704170709
centralized_ft_m3,lstm\federated\centralized_finetuned_member3.pt,2,time_shift,k,20.0,0.6178467507274491
centralized_ft_m3,lstm\federated\centralized_finetuned_member3.pt,3,clean,none,0.0,0.852537863282849
centralized_ft_m3,lstm\federated\centralized_finetuned_member3.pt,3,gaussian,sigma,0.0,0.852537863282849
centralized_ft_m3,lstm\federated\centralized_finetuned_member3.pt,3,gaussian,sigma,0.05,0.8542775276299631
centralized_ft_m3,lstm\federated\centralized_finetuned_member3.pt,3,gaussian,sigma,0.1,0.8519238641015145
centralized_ft_m3,lstm\federated\centralized_finetuned_member3.pt,3,gaussian,sigma,0.2,0.7278960294719607
centralized_ft_m3,lstm\federated\centralized_finetuned_member3.pt,3,ch_dropout,p,0.0,0.852537863282849
centralized_ft_m3,lstm\federated\centralized_finetuned_member3.pt,3,ch_dropout,p,0.1,0.7951289398280802
centralized_ft_m3,lstm\federated\centralized_finetuned_member3.pt,3,ch_dropout,p,0.3,0.6536021285304953
centralized_ft_m3,lstm\federated\centralized_finetuned_member3.pt,3,ch_dropout,p,0.5,0.48874334834220223
centralized_ft_m3,lstm\federated\centralized_finetuned_member3.pt,3,time_mask,L,0.0,0.852537863282849
centralized_ft_m3,lstm\federated\centralized_finetuned_member3.pt,3,time_mask,L,5.0,0.8273638968481375
centralized_ft_m3,lstm\federated\centralized_finetuned_member3.pt,3,time_mask,L,10.0,0.7961522717969709
centralized_ft_m3,lstm\federated\centralized_finetuned_member3.pt,3,time_mask,L,20.0,0.6948424068767909
centralized_ft_m3,lstm\federated\centralized_finetuned_member3.pt,3,time_mask,L,40.0,0.5870855505525993
centralized_ft_m3,lstm\federated\centralized_finetuned_member3.pt,3,time_shift,k,0.0,0.852537863282849
centralized_ft_m3,lstm\federated\centralized_finetuned_member3.pt,3,time_shift,k,2.0,0.8390298812934917
centralized_ft_m3,lstm\federated\centralized_finetuned_member3.pt,3,time_shift,k,5.0,0.8177445763405649
centralized_ft_m3,lstm\federated\centralized_finetuned_member3.pt,3,time_shift,k,10.0,0.7650429799426934
centralized_ft_m3,lstm\federated\centralized_finetuned_member3.pt,3,time_shift,k,20.0,0.6049938600081867
federated_ft_m3,lstm\federated\federated_finetuned_member3.pt,1,clean,none,0.0,0.7036795407098121
federated_ft_m3,lstm\federated\federated_finetuned_member3.pt,1,gaussian,sigma,0.0,0.7036795407098121
federated_ft_m3,lstm\federated\federated_finetuned_member3.pt,1,gaussian,sigma,0.05,0.7074634655532359
federated_ft_m3,lstm\federated\federated_finetuned_member3.pt,1,gaussian,sigma,0.1,0.713856993736952
federated_ft_m3,lstm\federated\federated_finetuned_member3.pt,1,gaussian,sigma,0.2,0.7250782881002088
federated_ft_m3,lstm\federated\federated_finetuned_member3.pt,1,ch_dropout,p,0.0,0.7036795407098121
federated_ft_m3,lstm\federated\federated_finetuned_member3.pt,1,ch_dropout,p,0.1,0.670929018789144
federated_ft_m3,lstm\federated\federated_finetuned_member3.pt,1,ch_dropout,p,0.3,0.5844206680584552
federated_ft_m3,lstm\federated\federated_finetuned_member3.pt,1,ch_dropout,p,0.5,0.4612473903966597
federated_ft_m3,lstm\federated\federated_finetuned_member3.pt,1,time_mask,L,0.0,0.7036795407098121
federated_ft_m3,lstm\federated\federated_finetuned_member3.pt,1,time_mask,L,5.0,0.6992432150313153
federated_ft_m3,lstm\federated\federated_finetuned_member3.pt,1,time_mask,L,10.0,0.6854123173277662
federated_ft_m3,lstm\federated\federated_finetuned_member3.pt,1,time_mask,L,20.0,0.6325678496868476
federated_ft_m3,lstm\federated\federated_finetuned_member3.pt,1,time_mask,L,40.0,0.4518528183716075
federated_ft_m3,lstm\federated\federated_finetuned_member3.pt,1,time_shift,k,0.0,0.7036795407098121
federated_ft_m3,lstm\federated\federated_finetuned_member3.pt,1,time_shift,k,2.0,0.7244258872651357
federated_ft_m3,lstm\federated\federated_finetuned_member3.pt,1,time_shift,k,5.0,0.7305584551148225
federated_ft_m3,lstm\federated\federated_finetuned_member3.pt,1,time_shift,k,10.0,0.7163361169102297
federated_ft_m3,lstm\federated\federated_finetuned_member3.pt,1,time_shift,k,20.0,0.6294363256784968
federated_ft_m3,lstm\federated\federated_finetuned_member3.pt,2,clean,none,0.0,0.6897025541545425
federated_ft_m3,lstm\federated\federated_finetuned_member3.pt,2,gaussian,sigma,0.0,0.6897025541545425
federated_ft_m3,lstm\federated\federated_finetuned_member3.pt,2,gaussian,sigma,0.05,0.6890559327513741
federated_ft_m3,lstm\federated\federated_finetuned_member3.pt,2,gaussian,sigma,0.1,0.684691238279987
federated_ft_m3,lstm\federated\federated_finetuned_member3.pt,2,gaussian,sigma,0.2,0.6537342386032978
federated_ft_m3,lstm\federated\federated_finetuned_member3.pt,2,ch_dropout,p,0.0,0.6897025541545425
federated_ft_m3,lstm\federated\federated_finetuned_member3.pt,2,ch_dropout,p,0.1,0.6629485935984482
federated_ft_m3,lstm\federated\federated_finetuned_member3.pt,2,ch_dropout,p,0.3,0.5751697381183317
federated_ft_m3,lstm\federated\federated_finetuned_member3.pt,2,ch_dropout,p,0.5,0.4494018752020692
federated_ft_m3,lstm\federated\federated_finetuned_member3.pt,2,time_mask,L,0.0,0.6897025541545425
federated_ft_m3,lstm\federated\federated_finetuned_member3.pt,2,time_mask,L,5.0,0.6680407371483996
federated_ft_m3,lstm\federated\federated_finetuned_member3.pt,2,time_mask,L,10.0,0.6607662463627546
federated_ft_m3,lstm\federated\federated_finetuned_member3.pt,2,time_mask,L,20.0,0.6332040090526997
federated_ft_m3,lstm\federated\federated_finetuned_member3.pt,2,time_mask,L,40.0,0.4997575169738118
federated_ft_m3,lstm\federated\federated_finetuned_member3.pt,2,time_shift,k,0.0,0.6897025541545425
federated_ft_m3,lstm\federated\federated_finetuned_member3.pt,2,time_shift,k,2.0,0.6829130294212739
federated_ft_m3,lstm\federated\federated_finetuned_member3.pt,2,time_shift,k,5.0,0.6757193663110249
federated_ft_m3,lstm\federated\federated_finetuned_member3.pt,2,time_shift,k,10.0,0.659957969608794
federated_ft_m3,lstm\federated\federated_finetuned_member3.pt,2,time_shift,k,20.0,0.5802618816682832
federated_ft_m3,lstm\federated\federated_finetuned_member3.pt,3,clean,none,0.0,0.8316618911174785
federated_ft_m3,lstm\federated\federated_finetuned_member3.pt,3,gaussian,sigma,0.0,0.8316618911174785
federated_ft_m3,lstm\federated\federated_finetuned_member3.pt,3,gaussian,sigma,0.05,0.830945558739255
federated_ft_m3,lstm\federated\federated_finetuned_member3.pt,3,gaussian,sigma,0.1,0.829512893982808
federated_ft_m3,lstm\federated\federated_finetuned_member3.pt,3,gaussian,sigma,0.2,0.7946172738436349
federated_ft_m3,lstm\federated\federated_finetuned_member3.pt,3,ch_dropout,p,0.0,0.8316618911174785
federated_ft_m3,lstm\federated\federated_finetuned_member3.pt,3,ch_dropout,p,0.1,0.7727179697093737
federated_ft_m3,lstm\federated\federated_finetuned_member3.pt,3,ch_dropout,p,0.3,0.6440851412198118
federated_ft_m3,lstm\federated\federated_finetuned_member3.pt,3,ch_dropout,p,0.5,0.5170896438804748
federated_ft_m3,lstm\federated\federated_finetuned_member3.pt,3,time_mask,L,0.0,0.8316618911174785
federated_ft_m3,lstm\federated\federated_finetuned_member3.pt,3,time_mask,L,5.0,0.8054645927138764
federated_ft_m3,lstm\federated\federated_finetuned_member3.pt,3,time_mask,L,10.0,0.7734343020875972
federated_ft_m3,lstm\federated\federated_finetuned_member3.pt,3,time_mask,L,20.0,0.709578387228817
federated_ft_m3,lstm\federated\federated_finetuned_member3.pt,3,time_mask,L,40.0,0.4996930004093328
federated_ft_m3,lstm\federated\federated_finetuned_member3.pt,3,time_shift,k,0.0,0.8316618911174785
federated_ft_m3,lstm\federated\federated_finetuned_member3.pt,3,time_shift,k,2.0,0.8228612361850184
federated_ft_m3,lstm\federated\federated_finetuned_member3.pt,3,time_shift,k,5.0,0.8120139173147769
federated_ft_m3,lstm\federated\federated_finetuned_member3.pt,3,time_shift,k,10.0,0.7677036430618093
federated_ft_m3,lstm\federated\federated_finetuned_member3.pt,3,time_shift,k,20.0,0.5792058943921408
